id,label,datatype,count
id,label,datatype,22276187
P31,instance of,WikibaseItem,22276187
P1476,title,Monolingualtext,21259924
P577,publication date,Time,21143242
P1433,published in,WikibaseItem,20835484
P2093,author name string,String,20323764
P304,page(s),String,19911441
P478,volume,String,19854942
P433,issue,String,17859372
P698,PubMed ID,ExternalId,17763274
P356,DOI,ExternalId,16372832
P2860,cites,WikibaseItem,7330826
P932,PMCID,ExternalId,4605441
P5875,ResearchGate publication ID,ExternalId,4574167
P921,main subject,WikibaseItem,4155927
P50,author,WikibaseItem,3243664
P407,language of work or name,WikibaseItem,1698230
P495,country of origin,WikibaseItem,460088
P155,follows,WikibaseItem,272264
P156,followed by,WikibaseItem,270606
P175,performer,WikibaseItem,257192
P3181,OpenCitations bibliographic resource ID,ExternalId,245971
P136,genre,WikibaseItem,233975
P264,record label,WikibaseItem,152788
P361,part of,WikibaseItem,135863
P123,publisher,WikibaseItem,128491
P436,MusicBrainz release group ID,ExternalId,101939
P345,IMDb ID,ExternalId,93073
P856,official website,Url,92720
P364,original language of film or TV show,WikibaseItem,86266
P179,part of the series,WikibaseItem,71689
P243,OCLC control number,ExternalId,68445
P1104,number of pages,Quantity,66178
P236,ISSN,ExternalId,63887
P4327,BHL bibliography ID,ExternalId,63392
P687,BHL Page ID,ExternalId,61033
P291,place of publication,WikibaseItem,60338
P5315,BioStor work ID,ExternalId,59934
P724,Internet Archive ID,ExternalId,58113
P859,sponsor,WikibaseItem,57500
P2880,NIOSHTIC-2 ID,ExternalId,56793
P818,arXiv ID,ExternalId,52181
P449,original network,WikibaseItem,51757
P646,Freebase ID,ExternalId,49858
P888,JSTOR article ID,ExternalId,46940
P571,inception,Time,46438
P953,full work available at,Url,45690
P1954,Discogs master ID,ExternalId,43962
P1113,number of episodes,Quantity,42558
P162,producer,WikibaseItem,40797
P4908,season,WikibaseItem,39382
P648,Open Library ID,ExternalId,33549
P57,director,WikibaseItem,32415
P1055,NLM Unique ID,ExternalId,31567
P580,start time,Time,31132
P3903,column,String,29939
P2437,number of seasons,Quantity,29923
P5008,on focus list of Wikimedia project,WikibaseItem,27103
P212,ISBN-13,ExternalId,25269
P17,country,WikibaseItem,24590
P2603,Kinopoisk film ID,ExternalId,23810
P1729,AllMusic album ID,ExternalId,23517
P1058,ERA Journal ID,ExternalId,22614
P3138,OFDb ID,ExternalId,22148
P161,cast member,WikibaseItem,21633
P2638,TV.com ID,ExternalId,21380
P582,end time,Time,19716
P1277,JUFO ID,ExternalId,18811
P1144,Library of Congress Control Number (LCCN) (bibliographic),ExternalId,18175
P2624,MetroLyrics ID,ExternalId,18171
P2047,duration,Quantity,17488
P1154,Scopus EID,ExternalId,17481
P58,screenwriter,WikibaseItem,16926
P2529,ČSFD film ID,ExternalId,16189
P2007,ZooBank publication ID,ExternalId,15674
P86,composer,WikibaseItem,15579
P4835,TheTVDB.com ID,ExternalId,15098
P4510,describes a project that uses,WikibaseItem,14952
P2699,URL,Url,14390
P528,catalog code,String,14170
P1651,YouTube video ID,ExternalId,14130
P1250,Danish Bibliometric Research Indicator (BFI) SNO/CNO,ExternalId,14012
P1240,Danish Bibliometric Research Indicator level,String,13961
P1258,Rotten Tomatoes ID,ExternalId,13723
P2704,EIDR identifier,ExternalId,13607
P275,license,WikibaseItem,12792
P957,ISBN-10,ExternalId,12751
P1562,AllMovie movie ID,ExternalId,12688
P1156,Scopus Source ID,ExternalId,12663
P6179,Dimensions Publication ID,ExternalId,12409
P5530,Altmetric ID,ExternalId,12380
P4665,Cinemagia film ID,ExternalId,12334
P18,image,CommonsMedia,12321
P6216,copyright status,WikibaseItem,11846
P3302,Open Media Database film ID,ExternalId,11665
P170,creator,WikibaseItem,10861
P750,distributor,WikibaseItem,10741
P5331,OCLC work ID,ExternalId,10600
P5327,fernsehserien.de ID,ExternalId,10579
P435,MusicBrainz work ID,ExternalId,10529
P996,scanned file on Wikimedia Commons,CommonsMedia,10116
P2002,Twitter username,ExternalId,9776
P1844,HathiTrust ID,ExternalId,9464
P272,production company,WikibaseItem,9398
P373,Commons category,String,9108
P1889,different from,WikibaseItem,9099
P3417,Quora topic ID,ExternalId,8652
P3212,ISAN identifier,ExternalId,8396
P840,narrative location,WikibaseItem,8340
P2013,Facebook ID,ExternalId,8274
P2581,BabelNet ID,ExternalId,8070
P2364,production code,String,8042
P5115,Directory of Open Access Journals ID,ExternalId,7797
P1191,date of first performance,Time,7670
P576,"dissolved, abolished or demolished",Time,7609
P1274,ISFDB title ID,ExternalId,7236
P2507,corrigendum / erratum,WikibaseItem,7030
P371,presenter,WikibaseItem,6930
P4983,TMDb TV series ID,ExternalId,6737
P2206,Discogs release ID,ExternalId,6669
P6366,Microsoft Academic ID,ExternalId,6412
P676,lyrics by,WikibaseItem,6257
P527,has part,WikibaseItem,6105
P131,located in the administrative territorial entity,WikibaseItem,5785
P154,logo image,CommonsMedia,5721
P98,editor,WikibaseItem,5651
P5454,USNPL ID,ExternalId,5376
P127,owned by,WikibaseItem,5288
P393,edition number,String,5030
P344,director of photography,WikibaseItem,5020
P1267,AlloCiné series ID,ExternalId,4913
P462,color,WikibaseItem,4861
P437,distribution,WikibaseItem,4528
P1680,subtitle,Monolingualtext,4420
P4834,Deutsche Synchronkartei series ID,ExternalId,4400
P910,topic's main category,WikibaseItem,4195
P1811,list of episodes,WikibaseItem,3936
P4933,The Big Cartoon DataBase ID,ExternalId,3856
P1160,ISO 4 abbreviation,ExternalId,3808
P1712,Metacritic ID,ExternalId,3780
P159,headquarters location,WikibaseItem,3778
P3912,newspaper format,WikibaseItem,3768
P1417,Encyclopædia Britannica Online ID,ExternalId,3745
P2721,Encyclopaedia Metallum release ID,ExternalId,3539
P144,based on,WikibaseItem,3466
P5786,Moviepilot.de film ID,ExternalId,3393
P1260,Swedish Open Cultural Heritage URI,ExternalId,3325
P1874,Netflix ID,ExternalId,3290
P166,award received,WikibaseItem,3278
P1040,film editor,WikibaseItem,3141
P5925,Moviepilot.de series ID,ExternalId,3136
P1159,CODEN,ExternalId,3119
P2061,aspect ratio,WikibaseItem,3026
P4222,United Nations Treaty Series Volume Number,ExternalId,2931
P268,BnF ID,ExternalId,2873
P110,illustrator,WikibaseItem,2859
P915,filming location,WikibaseItem,2841
P1230,JSTOR journal code,ExternalId,2820
P5099,Il mondo dei doppiatori ID,ExternalId,2764
P480,FilmAffinity ID,ExternalId,2763
P3107,LdiF ID,ExternalId,2702
P1265,AlloCiné film ID,ExternalId,2636
P4616,UniProt journal ID,ExternalId,2581
P905,PORT film ID,ExternalId,2500
P214,VIAF ID,ExternalId,2473
P3143,elFilm film ID,ExternalId,2408
P736,cover artist,WikibaseItem,2399
P2639,Filmportal ID,ExternalId,2375
P1609,Dialnet journal,ExternalId,2346
P3844,Deutsche Synchronkartei film ID,ExternalId,2335
P674,characters,WikibaseItem,2327
P1985,Anime News Network anime ID,ExternalId,2279
P2635,number of parts of this work of art,Quantity,2248
P5032,Filmweb.pl film ID,ExternalId,2239
P112,founded by,WikibaseItem,2232
P1661,Alexa rank,Quantity,2039
P658,tracklist,WikibaseItem,2008
P2703,BFI National Archive work ID,ExternalId,1985
P1813,short name,Monolingualtext,1961
P973,described at URL,Url,1872
P585,point in time,Time,1821
P6383,TV Spielfilm film ID,ExternalId,1799
P1970,MovieMeter Movie ID,ExternalId,1753
P4312,camera setup,WikibaseItem,1737
P1042,ZDB ID,ExternalId,1733
P1434,takes place in fictional universe,WikibaseItem,1727
P4438,"BFI Films, TV and people ID",ExternalId,1720
P138,named after,WikibaseItem,1687
P2888,exact match,Url,1682
P4529,Douban film ID,ExternalId,1659
P1343,described by source,WikibaseItem,1580
P5963,Elsevier journal ID,ExternalId,1552
P4904,Tropicos publication ID,ExternalId,1550
P227,GND ID,ExternalId,1541
P1431,executive producer,WikibaseItem,1485
P195,collection,WikibaseItem,1473
P2008,IPNI publication ID,ExternalId,1451
P1149,Library of Congress Classification,String,1427
P1366,replaced by,WikibaseItem,1417
P1365,replaces,WikibaseItem,1360
P827,BBC programme ID,ExternalId,1360
P725,voice actor,WikibaseItem,1328
P2205,Spotify album ID,ExternalId,1274
P2550,recording or performance of,WikibaseItem,1272
P483,recorded at,WikibaseItem,1260
P4003,Facebook ID name/number,ExternalId,1248
P2397,YouTube channel ID,ExternalId,1217
P6262,Fandom Wikia article ID,ExternalId,1172
P276,location,WikibaseItem,1167
P4730,Mir@bel journal ID,ExternalId,1132
P747,has edition,WikibaseItem,1129
P137,operator,WikibaseItem,1115
P5829,Television Academy Foundation show ID,ExternalId,1072
P4515,Prisma ID,ExternalId,1065
P5966,SAGE journal ID,ExternalId,1047
P641,sport,WikibaseItem,1043
P1984,Anime News Network manga ID,ExternalId,1035
P1235,ISFDB series ID,ExternalId,1028
P2408,set in period,WikibaseItem,1028
P1687,Wikidata property,WikibaseProperty,1020
P1065,archive URL,Url,1011
P6338,colorist,WikibaseItem,1002
P2003,Instagram username,ExternalId,991
P244,Library of Congress authority ID,ExternalId,985
P2465,Allcinema film ID,ExternalId,977
P1730,AllMusic song ID,ExternalId,976
P3959,NNL work ID,ExternalId,965
P217,inventory number,String,963
P4947,TMDb movie ID,ExternalId,951
P5983,Springer journal ID,ExternalId,933
P4780,MYmovies movie ID,ExternalId,917
P1800,Wikimedia database name,ExternalId,892
P3804,TV Guide show ID,ExternalId,889
P2207,Spotify track ID,ExternalId,883
P675,Google Books ID,ExternalId,863
P1552,has quality,WikibaseItem,853
P1877,after a work by,WikibaseItem,852
P424,Wikimedia language code,String,835
P4404,MusicBrainz recording ID,ExternalId,834
P1814,name in kana,String,832
P1411,nominated for,WikibaseItem,826
P248,stated in,WikibaseItem,794
P2896,publication interval,Quantity,792
P2747,Filmiroda rating,WikibaseItem,783
P1610,Dialnet article,ExternalId,768
P1981,FSK film rating,WikibaseItem,745
P5905,Comic Vine ID,ExternalId,708
P2346,Elonet movie ID,ExternalId,706
P2281,iTunes album ID,ExternalId,701
P1827,ISWC,ExternalId,681
P4276,Cinémathèque québécoise work identifier,ExternalId,681
P767,contributor(s) to the creative work,WikibaseItem,679
P4300,YouTube playlist ID,ExternalId,675
P2363,NMHH film rating,WikibaseItem,660
P186,material used,WikibaseItem,650
P3121,Epguides ID,ExternalId,647
P629,edition or translation of,WikibaseItem,642
P1325,external data available at,Url,637
P2631,Turner Classic Movies film ID,ExternalId,629
P2034,Project Gutenberg ebook ID,ExternalId,625
P2334,Swedish Film Database film ID,ExternalId,625
P5571,NooSFere book ID,ExternalId,620
P625,coordinate location,GlobeCoordinate,607
P101,field of work,WikibaseItem,597
P1085,LibraryThing work ID,ExternalId,579
P5603,Trove newspaper ID,ExternalId,575
P5559,MUSE journal ID,ExternalId,574
P3906,Ishim ID,ExternalId,562
P3495,FilmPolski.pl ID,ExternalId,561
P1804,DNF film ID,ExternalId,545
P4969,derivative work,WikibaseItem,537
P950,BNE ID,ExternalId,535
P1545,series ordinal,String,526
P180,depicts,WikibaseItem,524
P2669,discontinued date,Time,507
P3219,Encyclopædia Universalis ID,ExternalId,495
P5792,NooSFere series ID,ExternalId,485
P2969,Goodreads book ID,ExternalId,484
P1705,native label,Monolingualtext,479
P2048,height,Quantity,475
P6359,Crew united title ID,ExternalId,474
P1922,first line,Monolingualtext,474
P2671,Google Knowledge Graph ID,ExternalId,465
P820,arXiv classification,String,461
P2283,uses,WikibaseItem,455
P1056,product or material produced,WikibaseItem,446
P1243,International Standard Recording Code,ExternalId,437
P434,MusicBrainz artist ID,ExternalId,427
P1036,Dewey Decimal Classification,String,424
P2049,width,Quantity,422
P269,SUDOC authorities ID,ExternalId,415
P5357,The Encyclopedia of Science Fiction ID,ExternalId,413
P1424,topic's main template,WikibaseItem,412
P279,subclass of,WikibaseItem,406
P5030,talk show guest,WikibaseItem,406
P2723,Deezer album ID,ExternalId,403
P6181,Disney A to Z ID,ExternalId,402
P4110,Crunchyroll ID,ExternalId,400
P2684,Kijkwijzer rating,WikibaseItem,397
P3192,Last.fm ID,ExternalId,390
P4109,URN-NBN,ExternalId,388
P3127,Latindex ID,ExternalId,386
P3933,Cinema ID,ExternalId,382
P5769,editor-in-chief,WikibaseItem,379
P1184,handle,ExternalId,359
P3589,GCD series ID,ExternalId,358
P6201,OBV editions ID,ExternalId,357
P2847,Google+ ID,ExternalId,356
P3332,ACM Digital Library citation ID,ExternalId,330
P3414,Yle Areena ID,ExternalId,327
P3301,broadcast by,WikibaseItem,323
P88,commissioned by,WikibaseItem,323
P4354,search formatter URL,String,322
P1296,Gran Enciclopèdia Catalana ID,ExternalId,319
P2001,Revised Romanization,String,319
P935,Commons gallery,String,318
P4028,Google Scholar paper ID,ExternalId,317
P452,industry,WikibaseItem,315
P1448,official name,Monolingualtext,315
P5733,bilibili ID,ExternalId,311
P872,printed by,WikibaseItem,309
P1292,DNB editions,ExternalId,308
P826,tonality,WikibaseItem,305
P1881,list of characters,WikibaseItem,299
P4700,Cairn journal ID,ExternalId,293
P1432,B-side (DEPRECATED),WikibaseItem,291
P213,ISNI,ExternalId,284
P2960,archive date,Time,283
P4706,Ent'revues ID,ExternalId,280
P360,is a list of,WikibaseItem,279
P5108,HanCinema film ID,ExternalId,278
P655,translator,WikibaseItem,277
P2515,costume designer,WikibaseItem,277
P3868,MyDramaList title ID,ExternalId,275
P1019,web feed URL,Url,273
P1608,Dialnet book ID,ExternalId,272
P3579,Sina Weibo user ID,ExternalId,271
P2508,KINENOTE film ID,ExternalId,271
P4632,Bechdel Test Movie List ID,ExternalId,264
P2291,charted in,WikibaseItem,263
P710,participant,WikibaseItem,260
P2768,BNE journal ID,ExternalId,257
P6183,AJOL journal ID,ExternalId,256
P1725,beats per minute,Quantity,252
P1942,McCune-Reischauer romanization,String,252
P4277,Daum movie ID,ExternalId,250
P1269,facet of,WikibaseItem,248
P1346,winner,WikibaseItem,247
P1025,SUDOC editions,ExternalId,246
P1001,applies to jurisdiction,WikibaseItem,246
P4013,Giphy username,ExternalId,244
P6136,Newseum newspaper front page ID,ExternalId,243
P1662,DOI prefix,ExternalId,243
P1142,political ideology,WikibaseItem,242
P972,catalog,WikibaseItem,241
P3236,PhilPapers publication ID,ExternalId,236
P4199,Google Play Music album ID,ExternalId,236
P2284,price,Quantity,231
P135,movement,WikibaseItem,227
P2754,production date,Time,221
P2733,Persée journal ID,ExternalId,221
P4741,OpenEdition journal ID,ExternalId,221
P2572,Twitter hashtag,String,218
P1435,heritage designation,WikibaseItem,218
P2961,BVPH ID,ExternalId,215
P1454,legal form,WikibaseItem,212
P749,parent organization,WikibaseItem,208
P4484,INDUCKS issue ID,ExternalId,204
P2819,Yandex.Music album ID,ExternalId,202
P5396,Online Books Page publication ID,ExternalId,201
P1957,Wikisource index page,Url,200
P6143,BioOne journal ID,ExternalId,199
P2322,article ID,String,199
P2438,narrator,WikibaseItem,195
P1270,Norwegian Register journal ID,ExternalId,191
P178,developer,WikibaseItem,191
P4022,danskefilm TV series ID,ExternalId,189
P2554,production designer,WikibaseItem,188
P966,MusicBrainz label ID,ExternalId,188
P3141,EDb film ID,ExternalId,186
P4073,Wikia wiki ID,ExternalId,185
P1143,BN (Argentine) editions,ExternalId,185
P3984,subreddit,ExternalId,183
P3040,SoundCloud ID,ExternalId,183
P481,Palissy ID,ExternalId,182
P3004,Galiciana work ID,ExternalId,177
P3434,ERIH PLUS ID,ExternalId,177
P1451,motto text,Monolingualtext,176
P6127,Letterboxd film ID,ExternalId,174
P4722,Érudit journal ID,ExternalId,171
P1182,LIBRIS editions,ExternalId,166
P691,NKCR AUT ID,ExternalId,164
P5646,AniDB anime ID,ExternalId,163
P400,platform,WikibaseItem,163
P941,inspired by,WikibaseItem,162
P1316,SMDB ID,ExternalId,161
P4784,Movieplayer TV-series ID,ExternalId,161
P825,dedicated to,WikibaseItem,160
P408,software engine,WikibaseItem,157
P5813,MusicBrainz release ID,ExternalId,154
P3222,NE.se ID,ExternalId,154
P2413,Fashion Model Directory magazine ID,ExternalId,150
P485,archives at,WikibaseItem,148
P4520,SUNCAT ID,ExternalId,148
P2924,Great Russian Encyclopedia Online ID,ExternalId,146
P4726,Sign@l journal ID,ExternalId,145
P1071,location of final assembly,WikibaseItem,145
P4577,Tidal album ID,ExternalId,143
P4483,INDUCKS story ID,ExternalId,141
P349,NDL Auth ID,ExternalId,141
P2014,Museum of Modern Art work ID,ExternalId,141
P3634,The Met object ID,ExternalId,140
P1114,quantity,Quantity,139
P3976,BVMC work ID,ExternalId,138
P969,located at street address (DEPRECATED),String,138
P1387,political alignment,WikibaseItem,137
P942,theme music,WikibaseItem,134
P6189,Sabinet journal ID,ExternalId,132
P2959,permanent duplicated item,WikibaseItem,132
P1407,MusicBrainz series ID,ExternalId,131
P1581,official blog,Url,130
P5799,AustLII ID,ExternalId,129
P2512,series spin-off,WikibaseItem,129
P2679,author of foreword,WikibaseItem,128
P1037,director/manager,WikibaseItem,127
P5241,Songfacts song ID,ExternalId,125
P460,said to be the same as,WikibaseItem,124
P4282,LUMIERE film ID,ExternalId,124
P5749,ASIN,ExternalId,120
P3185,VK user ID,ExternalId,120
P2509,Movie Walker ID,ExternalId,115
P126,maintained by,WikibaseItem,115
P3077,Cineplex film ID,ExternalId,113
P854,reference URL,Url,112
P1973,RSL editions,ExternalId,109
P1272,Norway Import Service and Registration Authority periodical code,ExternalId,107
P968,e-mail,Url,107
P277,programming language,WikibaseItem,106
P3135,elCinema film ID,ExternalId,105
P4027,National Discography of Italian Song work ID,ExternalId,104
P106,occupation,WikibaseItem,104
P3132,last line,Monolingualtext,103
P1225,US National Archives Identifier,ExternalId,103
P4818,Panoptikum identifier,ExternalId,103
P366,use,WikibaseItem,102
P5680,Hoopla ID,ExternalId,102
P793,significant event,WikibaseItem,99
P1190,Universal Decimal Classification,String,99
P282,writing system,WikibaseItem,98
P2079,fabrication method,WikibaseItem,98
P3962,Global Trade Item Number,ExternalId,97
P4011,Semantic Scholar paper ID,ExternalId,97
P3631,Babelio work ID,ExternalId,95
P486,MeSH ID,ExternalId,94
P21,sex or gender,WikibaseItem,94
P4086,MyAnimeList anime ID,ExternalId,93
P1739,CiNii book ID,ExternalId,93
P463,member of,WikibaseItem,92
P2427,GRID ID,ExternalId,92
P902,HDS ID,ExternalId,92
P2720,embed URL template,String,89
P3861,iTunes app ID,ExternalId,89
P409,NLA (Australia) ID,ExternalId,89
P740,location of formation,WikibaseItem,88
P169,chief executive officer,WikibaseItem,88
P4264,LinkedIn company ID,ExternalId,87
P3943,Tumblr ID,ExternalId,83
P3300,musical conductor,WikibaseItem,83
P3131,Redalyc journal ID,ExternalId,81
P1246,patent number,ExternalId,81
P4905,KMSKA work PID,ExternalId,81
P3836,Pinterest username,ExternalId,81
P792,chapter,String,80
P306,operating system,WikibaseItem,77
P3418,Google Play Store App ID,ExternalId,77
P1324,source code repository,Url,76
P1830,owner of,WikibaseItem,76
P3500,Ringgold ID,ExternalId,75
P1329,phone number,String,74
P1953,Discogs artist ID,ExternalId,74
P5878,Taxonomic Literature 2 number,String,71
P949,National Library of Israel ID,ExternalId,71
P2936,language used,WikibaseItem,69
P664,organizer,WikibaseItem,69
P6079,Discogs track ID,ExternalId,69
P2360,intended public,WikibaseItem,69
P4111,danskefilm TV Christmas calendar,ExternalId,69
P3931,copyright holder,WikibaseItem,68
P4854,Uppslagsverket Finland ID,ExternalId,68
P989,spoken text audio,CommonsMedia,68
P4839,Wolfram Language entity code,String,67
P3478,Songkick artist ID,ExternalId,67
P348,software version identifier,String,66
P1344,participant of,WikibaseItem,65
P2724,Deezer track ID,ExternalId,65
P443,pronunciation audio,CommonsMedia,65
P1482,Stack Exchange tag,Url,64
P1092,total produced,Quantity,64
P2670,has parts of the class,WikibaseItem,63
P3184,Czech National Bibliography book ID,ExternalId,63
P5395,Canadian Encyclopedia article ID,ExternalId,63
P6175,Bitraga work ID,ExternalId,62
P1613,IRC channel,Url,62
P5059,modified version of,WikibaseItem,62
P3553,Zhihu topic ID,ExternalId,62
P727,Europeana ID,ExternalId,62
P4745,is proceedings from,WikibaseItem,62
P2409,CiNii article ID,ExternalId,62
P3129,cine.gr film ID,ExternalId,61
P421,located in time zone,WikibaseItem,59
P3265,Myspace ID,ExternalId,59
P176,manufacturer,WikibaseItem,58
P3569,Cultureel Woordenboek identifier,ExternalId,57
P4518,Melon album ID,ExternalId,56
P1896,source website for the property,Url,56
P4270,Daum TV series ID,ExternalId,56
P5940,plot expanded in,WikibaseItem,55
P2908,SecondHandSongs song ID,ExternalId,55
P569,date of birth,Time,55
P5824,is retracted by,WikibaseItem,55
P1044,SWB editions,ExternalId,55
P1320,OpenCorporates ID,ExternalId,51
P3145,Sratim ID,ExternalId,51
P2945,British Book Trade Index ID,ExternalId,51
P3110,ISzDb film ID,ExternalId,50
P2037,GitHub username,ExternalId,50
P27,country of citizenship,WikibaseItem,50
P406,soundtrack album,WikibaseItem,49
P1128,employees,Quantity,49
P2541,operating area,WikibaseItem,47
P3827,JSTOR topic ID,ExternalId,47
P6217,Genius album ID,ExternalId,45
P414,stock exchange,WikibaseItem,45
P444,review score,String,45
P1934,Animator.ru film ID,ExternalId,45
P4480,INDUCKS publication ID,ExternalId,44
P3308,lib.reviews ID,ExternalId,44
P2826,Megogo ID,ExternalId,44
P1236,Parsons code,ExternalId,43
P3203,Ciné-Ressources film ID,ExternalId,43
P1833,number of registered users/contributors,Quantity,43
P271,CiNii author ID (books),ExternalId,42
P4400,Memória Globo,ExternalId,42
P5659,VGMdb product ID,ExternalId,42
P608,exhibition history,WikibaseItem,42
P1815,RSL scanned book's identifier,String,42
P2666,Datahub page,ExternalId,41
P5842,iTunes podcast ID,ExternalId,41
P2354,has list,WikibaseItem,41
P281,postal code,String,40
P5845,AnimeClick anime ID,ExternalId,40
P1695,NLP ID,ExternalId,40
P1015,BIBSYS ID,ExternalId,40
P355,subsidiary,WikibaseItem,39
P2088,Crunchbase organisation ID,ExternalId,39
P3483,VGMdb album ID,ExternalId,39
P2139,total revenue,Quantity,39
P2678,Russiancinema.ru film ID,ExternalId,38
P4087,MyAnimeList manga ID,ExternalId,38
P4212,PACTOLS thesaurus ID,ExternalId,37
P3155,Runeberg book ID,ExternalId,36
P2984,Snapchat username,ExternalId,36
P2849,produced by,WikibaseItem,36
P2163,FAST ID,ExternalId,36
P2518,Scope.dk film ID,ExternalId,36
P2348,time period,WikibaseItem,36
P2675,reply to,WikibaseItem,35
P2735,Unz Review journal ID,ExternalId,35
P1412,"languages spoken, written or signed",WikibaseItem,34
P1638,codename,Monolingualtext,34
P735,given name,WikibaseItem,34
P37,official language,WikibaseItem,34
P1416,affiliation,WikibaseItem,33
P3961,Unifrance film ID,ExternalId,33
P3365,Treccani ID,ExternalId,33
P19,place of birth,WikibaseItem,33
P6080,Discogs composition ID,ExternalId,33
P1242,Theatricalia play ID,ExternalId,32
P1297,IRS Employer Identification Number,ExternalId,32
P3035,ISBN publisher prefix,ExternalId,32
P553,website account on,WikibaseItem,32
P4746,Elhuyar ZTH ID,ExternalId,32
P805,statement is subject of,WikibaseItem,32
P4258,Gallica ID,ExternalId,32
P1059,CVR number,ExternalId,32
P1209,CN,ExternalId,31
P3794,Dictionary of Sydney ID,ExternalId,31
P3939,ESTC citation number,ExternalId,30
P4035,Shironet song ID,ExternalId,30
P737,influenced by,WikibaseItem,30
P4989,RKDlibrary ID,ExternalId,30
P3705,RITVA Program ID,ExternalId,30
P2687,NDL JPNO,ExternalId,29
P6218,Genius song ID,ExternalId,29
P404,game mode,WikibaseItem,29
P4613,Encyclopedia of Modern Ukraine ID,ExternalId,29
P3225,Corporate Number (Japan),ExternalId,29
P3431,Publons Publication ID,ExternalId,29
P3789,Telegram username,ExternalId,29
P4230,Sefaria ID,ExternalId,29
P2650,interested in,WikibaseItem,28
P3174,art director,WikibaseItem,28
P3854,Soundtrack Collector ID,ExternalId,28
P488,chairperson,WikibaseItem,28
P5968,CPPAP ID,ExternalId,28
P3342,significant person,WikibaseItem,28
P4527,UK Parliament thesaurus ID,ExternalId,28
P4793,identifiers.org prefix,ExternalId,28
P906,SELIBR ID,ExternalId,28
P140,religion,WikibaseItem,28
P3673,film-documentaire.fr film ID,ExternalId,28
P4783,Movieplayer film ID,ExternalId,27
P2689,BARTOC ID,ExternalId,26
P2755,exploitation visa number,ExternalId,26
P1401,bug tracking system,Url,26
P6108,IIIF manifest,Url,26
P1449,nickname,Monolingualtext,26
P2267,PolitiFact Personality ID,ExternalId,26
P1132,number of participants,Quantity,26
P963,streaming media URL,Url,26
P3808,The Numbers movie ID,ExternalId,26
P1972,Open Hub ID,ExternalId,26
P1219,Internet Broadway Database show ID,ExternalId,25
P4209,danskfilmogtv title ID,ExternalId,25
P1054,NDL bib ID,ExternalId,25
P4175,Patreon ID,ExternalId,25
P1237,Box Office Mojo film ID,ExternalId,24
P3241,Catholic Encyclopedia ID,ExternalId,24
P4861,Charity Navigator ID,ExternalId,24
P10,video,CommonsMedia,24
P4903,New Georgia Encyclopedia ID,ExternalId,24
P3176,uses property,WikibaseProperty,23
P6145,Academy Awards Database film ID,ExternalId,23
P1577,Gregory-Aland-Number,ExternalId,23
P5916,Spotify show ID,ExternalId,23
P1807,Great Aragonese Encyclopedia ID,ExternalId,23
P5587,Libris-URI,ExternalId,23
P3180,Visual Novel Database ID,ExternalId,22
P5849,AnimeClick manga ID,ExternalId,22
P5332,OpenDOAR ID,ExternalId,22
P1080,from fictional universe,WikibaseItem,22
P2701,file format,WikibaseItem,21
P4578,Tidal track ID,ExternalId,21
P3218,Auñamendi ID,ExternalId,21
P3258,LiveJournal ID,ExternalId,21
P3509,Dagens Nyheter topic ID,ExternalId,21
P5333,Bérose ID,ExternalId,21
P819,ADS bibcode,ExternalId,21
P2333,Norwegian organisation number,ExternalId,21
P1983,Anime News Network company ID,ExternalId,21
P607,conflict,WikibaseItem,20
P5091,HanCinema drama ID,ExternalId,20
P51,audio,CommonsMedia,20
P69,educated at,WikibaseItem,20
P4901,Zenodo ID,ExternalId,20
P5202,adapted by,WikibaseItem,20
P1752,scale,Quantity,20
P5510,DEFA film database ID,ExternalId,20
P3347,PermID,ExternalId,19
P1441,present in work,WikibaseItem,19
P3221,NYT topic ID,ExternalId,19
P4876,number of records,Quantity,19
P2257,frequency of event,Quantity,19
P2130,cost,Quantity,19
P823,speaker,WikibaseItem,19
P1711,British Museum person-institution,ExternalId,19
P2629,BBFC rating,WikibaseItem,18
P1566,GeoNames ID,ExternalId,18
P1612,Commons Institution page,String,18
P1640,curator,WikibaseItem,18
P1438,Jewish Encyclopedia ID (Russian),String,18
P4015,Vimeo username,ExternalId,18
P4033,Mastodon address,ExternalId,18
P894,zbMATH work ID,ExternalId,18
P946,ISIN,String,18
P287,designed by,WikibaseItem,17
P1315,People Australia ID,ExternalId,17
P2561,name,Monolingualtext,17
P6157,Google News publication ID,ExternalId,17
P4647,location of first performance,WikibaseItem,17
P2067,mass,Quantity,17
P2942,Dailymotion channel ID,ExternalId,17
P5305,SPARQL endpoint,Url,17
P39,position held,WikibaseItem,17
P5247,Giant Bomb ID,ExternalId,17
P1151,topic's main Wikimedia portal,WikibaseItem,17
P2372,ODIS ID,ExternalId,17
P4342,Store norske leksikon ID,ExternalId,16
P1559,name in native language,Monolingualtext,16
P570,date of death,Time,16
P5253,FilmTv.it movie ID,ExternalId,16
P3732,PhilPapers record,ExternalId,16
P4254,Banglapedia (Bengali version) ID,ExternalId,16
P4107,Framalibre ID,ExternalId,16
P3106,Guardian topic ID,ExternalId,15
P1256,Iconclass notation,ExternalId,15
P5840,NPR podcast ID,ExternalId,15
P2770,source of income,WikibaseItem,15
P4569,BPH journal ID,ExternalId,15
P3267,Flickr user ID,ExternalId,15
P1547,depends on software,WikibaseItem,15
P4032,reviewed by,WikibaseItem,15
P760,DPLA ID,ExternalId,15
P1162,Bluebook abbreviation,String,15
P4290,official app,WikibaseItem,15
P1004,MusicBrainz place ID,ExternalId,15
P2739,typeface/font used,WikibaseItem,14
P3929,V&A art work ID,ExternalId,14
P3338,Encyclopedia of Surfing ID,ExternalId,14
P1619,date of official opening,Time,14
P2761,Research Papers in Economics Series handle,ExternalId,14
P4786,cinematografo film ID,ExternalId,14
P813,retrieved,Time,14
P948,page banner,CommonsMedia,14
P1352,ranking,Quantity,13
P358,discography,WikibaseItem,13
P3381,File Format Wiki page ID,ExternalId,13
P2043,length,Quantity,13
P508,BNCF Thesaurus ID,ExternalId,13
P574,year of taxon name publication,Time,13
P2782,Models.com client ID,ExternalId,13
P2769,budget,Quantity,13
P5387,Behind The Voice Actors tv show ID,ExternalId,13
P3402,CNC film rating (Romania),WikibaseItem,13
P4725,C-SPAN organization ID,ExternalId,13
P800,notable work,WikibaseItem,13
P1014,AAT ID,ExternalId,13
P1946,National Library of Ireland authority ID,ExternalId,13
P5485,SBN books ID,ExternalId,13
P3999,date of official closure,Time,12
P4431,Google Doodle,ExternalId,12
P3153,Crossref funder ID,ExternalId,12
P1207,NUKAT (WarsawU) authorities ID,ExternalId,12
P1574,exemplar of,WikibaseItem,12
P2992,software quality assurance,WikibaseItem,12
P4549,ARLIMA ID,ExternalId,12
P5337,Google News topics ID,ExternalId,12
P1816,National Portrait Gallery (London) person ID,ExternalId,12
P61,discoverer or inventor,WikibaseItem,12
P1890,BNC ID,ExternalId,12
P4742,Uniform Resource Identifier Scheme,ExternalId,12
P5229,Carnegie Hall work ID,ExternalId,12
P870,instrumentation,WikibaseItem,12
P893,Social Science Research Network ID,ExternalId,12
P1728,AllMusic artist ID,ExternalId,12
P1174,visitors per year,Quantity,12
P1161,Z39.5 abbreviation,String,12
P4255,Banglapedia (English version) ID,ExternalId,12
P3650,JMK film rating,WikibaseItem,12
P4195,category for employees of the organization,WikibaseItem,12
P3710,Jewish Encyclopedia Daat ID,ExternalId,12
P1994,AllMusic composition ID,ExternalId,12
P6251,catchphrase,Monolingualtext,11
P6254,subject lexeme,WikibaseLexeme,11
P3340,Kvikmyndir film ID,ExternalId,11
P3377,Bloomberg company ID,ExternalId,11
P611,religious order,WikibaseItem,11
P669,located on street,WikibaseItem,11
P683,ChEBI ID,ExternalId,11
P1534,end cause,WikibaseItem,11
P2295,net profit,Quantity,11
P889,Mathematical Reviews ID,ExternalId,11
P2475,NAVA ID,ExternalId,11
P6004,Brasiliana Iconográfica ID,ExternalId,11
P108,employer,WikibaseItem,11
P3630,Babelio author ID,ExternalId,11
P189,location of discovery,WikibaseItem,11
P3995,Filmweb.pl ID,ExternalId,10
P2652,partnership with,WikibaseItem,10
P3194,INA video ID,ExternalId,10
P3899,Medium username,ExternalId,10
P3092,film crew member,WikibaseItem,10
P1535,used by,WikibaseItem,10
P2209,SourceForge project,ExternalId,10
P4081,BHL creator ID,ExternalId,10
P87,librettist,WikibaseItem,10
P1871,CERL ID,ExternalId,10
P1670,Canadiana Authorities ID,ExternalId,10
P4748,Line Music album ID,ExternalId,10
P853,CERO rating,WikibaseItem,10
P3749,Google Maps Customer ID,ExternalId,10
P5554,Courrier international source ID,ExternalId,10
P4953,Library of Congress Genre/Form Terms ID,ExternalId,10
P1933,MobyGames ID,ExternalId,10
P1951,investor,WikibaseItem,10
P3702,Catalogue of Illuminated Manuscripts ID,ExternalId,10
P5732,bgm.tv subject identifier,ExternalId,9
P1408,licensed to broadcast to,WikibaseItem,9
P3893,public domain date,Time,9
P1280,CONOR ID,ExternalId,9
P1278,Legal Entity ID,ExternalId,9
P6135,VD 18 ID,ExternalId,9
P2894,day of week,WikibaseItem,9
P5915,Shazam track ID,ExternalId,9
P2094,competition class,WikibaseItem,9
P2913,date depicted,Time,9
P1617,BBC Things ID,ExternalId,9
P4845,Bulbapedia article,ExternalId,9
P3544,Te Papa person ID,ExternalId,9
P3593,AFI Catalog of Feature Films ID,ExternalId,9
P4034,Shironet artist ID,ExternalId,9
P5360,MobyGames group ID,ExternalId,9
P790,approved by,WikibaseItem,9
P1842,Global Anabaptist Mennonite Encyclopedia Online ID,ExternalId,9
P1870,Name Assigning Authority Number,ExternalId,9
P839,IMSLP ID,ExternalId,9
P1006,National Thesaurus for Author Names ID,ExternalId,9
P1955,Discogs label ID,ExternalId,9
P2657,EU Transparency Register ID,ExternalId,8
P2756,EIRIN film rating,WikibaseItem,8
P1414,GUI toolkit or framework,WikibaseItem,8
P2555,fee,Quantity,8
P2537,Free Software Directory entry,ExternalId,8
P1273,CANTIC-ID,ExternalId,8
P3065,RERO ID,ExternalId,8
P2883,HKMDb film ID,ExternalId,8
P5988,Deezer show ID,ExternalId,8
P5933,tweet ID,ExternalId,8
P5163,Odnoklassniki ID,ExternalId,8
P1616,SIREN number,ExternalId,8
P5846,AnimeClick novel ID,ExternalId,8
P5885,Microsoft Store app ID,ExternalId,8
P4898,Chronicling America newspaper ID,ExternalId,8
P3575,data size,Quantity,8
P1829,Roud Folk Song Index number,ExternalId,8
P746,date of disappearance,Time,8
P1684,inscription,Monolingualtext,8
P1120,number of deaths,Quantity,8
P4204,The Times of India topic ID,ExternalId,8
P967,guest of honor,WikibaseItem,8
P2378,issued by,WikibaseItem,8
P1031,legal citation of this text,String,8
P1960,Google Scholar author ID,ExternalId,8
P242,locator map image,CommonsMedia,8
P231,CAS Registry Number,ExternalId,8
P234,InChI,ExternalId,8
P1375,NSK ID,ExternalId,7
P3157,event distance,Quantity,7
P3951,BioRxiv ID,ExternalId,7
P479,input method,WikibaseItem,7
P1594,judge,WikibaseItem,7
P2031,work period (start),Time,7
P2032,work period (end),Time,7
P3362,operating income,Quantity,7
P560,direction,WikibaseItem,7
P5197,Melon song ID,ExternalId,7
P1657,MPAA film rating,WikibaseItem,7
P1652,referee,WikibaseItem,7
P2771,D-U-N-S,ExternalId,7
P1436,collection or exhibition size,Quantity,7
P4513,Africultures movie ID,ExternalId,7
P4596,NIOSH Publication Number,ExternalId,7
P1795,Smithsonian American Art Museum person/institution ID,ExternalId,7
P1823,BAnQ work ID,ExternalId,7
P734,family name,WikibaseItem,7
P791,International Standard Identifier for Libraries,String,7
P2184,history of topic,WikibaseItem,7
P2174,Museum of Modern Art artist ID,ExternalId,7
P898,IPA transcription,String,7
P2403,total assets,Quantity,7
P5505,WorldCat Registry ID,ExternalId,7
P3785,danskefilm film ID,ExternalId,7
P4156,Czech Registration ID,ExternalId,7
P4181,GujLit Book ID,ExternalId,7
P1966,Biblioteca Nacional de Chile catalogue number,ExternalId,7
P5711,Revues Littéraires ID,ExternalId,6
P3987,SHARE Catalogue author ID,ExternalId,6
P1319,earliest date,Time,6
P1234,ISFDB publication ID,ExternalId,6
P415,radio format,WikibaseItem,6
P3320,board member,WikibaseItem,6
P5153,KKBOX album ID,ExternalId,6
P5161,Trustpilot company ID,ExternalId,6
P2900,fax number,String,6
P5126,assistant director,WikibaseItem,6
P5149,Ester ID,ExternalId,6
P5860,AnimeClick drama ID,ExternalId,6
P3206,data.gouv.fr org ID,ExternalId,6
P3280,BanQ author ID,ExternalId,6
P5053,fastest lap,WikibaseItem,6
P5028,sound designer,WikibaseItem,6
P2878,Minitel code,ExternalId,6
P5084,Yahoo Answers category,ExternalId,6
P3597,F-Droid package,ExternalId,6
P30,continent,WikibaseItem,6
P1809,choreographer,WikibaseItem,6
P797,authority,WikibaseItem,6
P1683,quote,Monolingualtext,6
P3429,Electronic Enlightenment ID,ExternalId,6
P2125,Revised Hepburn romanization,String,6
P2187,BiblioNet publication ID,ExternalId,6
P5290,Redump.org ID,ExternalId,6
P837,day in year for periodic occurrence,WikibaseItem,6
P886,LIR,ExternalId,6
P1741,GTAA ID,ExternalId,6
P1754,category related to list,WikibaseItem,6
P3764,pole position,WikibaseItem,6
P3744,number of subscribers,Quantity,6
P4210,Bashkir encyclopedia (Bashkir version) ID,ExternalId,6
P1164,cardinality of the group,Quantity,6
P1150,Regensburg Classification,String,6
P998,DMOZ ID,ExternalId,6
P3642,ARCHON code,ExternalId,6
P167,structure replaced by,WikibaseItem,6
P1339,number of injured,Quantity,5
P2664,units sold,Quantity,5
P4411,Quora username,ExternalId,5
P6269,API endpoint,Url,5
P6291,advertises,WikibaseItem,5
P1208,ISMN,ExternalId,5
P1264,valid in period,WikibaseItem,5
P1245,OmegaWiki Defined Meaning,ExternalId,5
P1282,OSM tag or key,String,5
P6123,B3Kat dataset ID,ExternalId,5
P6110,AllMusic release ID,ExternalId,5
P467,legislated by,WikibaseItem,5
P3964,BDCYL authority ID,ExternalId,5
P6180,Dimensions Source ID,ExternalId,5
P4619,National Library of Brazil ID,ExternalId,5
P5981,Encyclopedia Virginia ID,ExternalId,5
P3306,ICAA rating,WikibaseItem,5
P2078,user manual link,Url,5
P5171,Rockipedia album ID,ExternalId,5
P5181,Relationship Science organization ID,ExternalId,5
P547,commemorates,WikibaseItem,5
P575,time of discovery or invention,Time,5
P2970,Kinopolis film ID,ExternalId,5
P1474,Nupill Literatura Digital - Document,ExternalId,5
P5002,Orthodox Encyclopedia ID,ExternalId,5
P5019,Brockhaus Enzyklopädie online ID,ExternalId,5
P1542,has effect,WikibaseItem,5
P4894,ACE work ID,ExternalId,5
P5311,Kino-teatr.ua film ID,ExternalId,5
P4077,Pizmonet ID,ExternalId,5
P5382,Behind The Voice Actors franchise ID,ExternalId,5
P94,coat of arms image,CommonsMedia,5
P4769,GameRankings game ID,ExternalId,5
P2142,box office,Quantity,5
P2137,total equity,Quantity,5
P5232,D&B Hoovers company profile,ExternalId,5
P1773,attributed to,WikibaseItem,5
P3762,openMLOL author ID,ExternalId,5
P5508,archINFORM person or group ID,ExternalId,5
P4265,Reddit username,ExternalId,5
P158,seal image,CommonsMedia,5
P1027,conferred by,WikibaseItem,5
P5495,Mormon Literature and Creative Arts Database Works ID,ExternalId,5
P1961,CTHS society ID,ExternalId,5
P3721,public key fingerprint,String,5
P274,chemical formula,String,4
P3997,Bait La Zemer Ha-Ivri artist ID,ExternalId,4
P1326,latest date,Time,4
P2680,author of afterword,WikibaseItem,4
P1392,ComicBookDB ID,ExternalId,4
P3156,Australian Classification,WikibaseItem,4
P4486,Google Play developer ID,ExternalId,4
P2702,dataset distribution,WikibaseItem,4
P2750,Photographers' Identities Catalog ID,ExternalId,4
P2737,union of,WikibaseItem,4
P2558,autores.uy ID,ExternalId,4
P3875,Justia Patents company ID,ExternalId,4
P2540,Aarne–Thompson–Uther Tale Type Index,String,4
P2596,culture,WikibaseItem,4
P2578,studies,WikibaseItem,4
P6111,MusicNotes product ID,ExternalId,4
P3097,ISBN identifier group,ExternalId,4
P425,field of this occupation,WikibaseItem,4
P3919,contributed to creative work,WikibaseItem,4
P447,review score by,WikibaseItem,4
P457,foundational text,WikibaseItem,4
P2623,MEK ID,ExternalId,4
P1573,BBC Genome ID,ExternalId,4
P2897,Eldoblaje Movie ID,ExternalId,4
P5152,KAVI rating,WikibaseItem,4
P5164,Flanders Arts Institute organisation ID,ExternalId,4
P5144,Bugs! album ID,ExternalId,4
P1607,Dialnet author ID,ExternalId,4
P1659,see also,WikibaseProperty,4
P2789,connects with,WikibaseItem,4
P1439,Norsk filmografi ID,ExternalId,4
P1430,OpenPlaques subject ID,ExternalId,4
P4517,ctext work ID,ExternalId,4
P3216,ClassInd rating,WikibaseItem,4
P5874,re3data repository ID,ExternalId,4
P3275,storyboard artist,WikibaseItem,4
P6361,Genius song numeric ID,ExternalId,4
P642,of,WikibaseItem,4
P649,NRHP reference number,ExternalId,4
P6351,Genius artist numeric ID,ExternalId,4
P5026,lighting designer,WikibaseItem,4
P2814,P-number,ExternalId,4
P5072,presented in,WikibaseItem,4
P2850,iTunes artist ID,ExternalId,4
P3502,Ameblo username,ExternalId,4
P2234,volume as quantity,Quantity,4
P2264,mix'n'match catalogue ID,ExternalId,4
P729,service entry,Time,4
P723,DBNL author ID,ExternalId,4
P20,place of death,WikibaseItem,4
P1817,addressee,WikibaseItem,4
P41,flag image,CommonsMedia,4
P40,child,WikibaseItem,4
P84,architect,WikibaseItem,4
P92,main regulatory text,WikibaseItem,4
P3445,Cinema of Israel ID,ExternalId,4
P3440,time signature,WikibaseItem,4
P3479,Omni topic ID,ExternalId,4
P2179,ACM Classification Code (2012),String,4
P828,has cause,WikibaseItem,4
P5260,iTunes App Store developer ID,ExternalId,4
P4806,Gaming-History identifier,ExternalId,4
P1766,place name sign,CommonsMedia,4
P3761,IPv4 routing prefix,String,4
P2441,literal translation,Monolingualtext,4
P4211,Bashkir encyclopedia (Russian version) ID,ExternalId,4
P4293,PM20 folder ID,ExternalId,4
P931,place served by transport hub,WikibaseItem,4
P960,Tropicos taxon ID,ExternalId,4
P102,member of political party,WikibaseItem,4
P3838,Tab4u song ID,ExternalId,4
P149,architectural style,WikibaseItem,4
P4965,Behind The Voice Actors video game ID,ExternalId,4
P4956,BDH edition ID,ExternalId,4
P172,ethnic group,WikibaseItem,4
P3675,Hans Christian Andersen Centre work ID,ExternalId,4
P2342,AGORHA person/institution ID,ExternalId,4
P1051,PSH ID,ExternalId,4
P2373,Genius artist ID,ExternalId,4
P1072,readable file format,WikibaseItem,4
P1902,Spotify artist ID,ExternalId,4
P1900,EAGLE id,ExternalId,4
P3996,Bait La Zemer Ha-Ivri song ID,ExternalId,3
P5748,Basisklassifikation,ExternalId,3
P3123,Stanford Encyclopedia of Philosophy ID,ExternalId,3
P4435,snap package,ExternalId,3
P1398,structure replaces,WikibaseItem,3
P4485,INDUCKS miniseries ID,ExternalId,3
P6256,SinemaTürk film ID,ExternalId,3
P6221,NooSFere story ID,ExternalId,3
P2758,CNC film rating (France),WikibaseItem,3
P2559,Wikidata usage instructions,Monolingualtext,3
P1216,National Heritage List for England number,ExternalId,3
P3876,category for alumni of educational institution,WikibaseItem,3
P2530,Box Office Mojo franchise ID,ExternalId,3
P2582,J. Paul Getty Museum object ID,ExternalId,3
P2567,amended by,WikibaseItem,3
P4329,Wikimedia template that populates this category,WikibaseItem,3
P1299,depicted by,WikibaseItem,3
P5655,iTunes music video ID,ExternalId,3
P6125,number of volunteers,Quantity,3
P6104,maintained by WikiProject,WikibaseItem,3
P411,canonization status,WikibaseItem,3
P3916,UNESCO Thesaurus ID,ExternalId,3
P3914,GuideStar Israel organization ID,ExternalId,3
P1303,instrument,WikibaseItem,3
P2622,Companies House ID,ExternalId,3
P1557,manifestation of,WikibaseItem,3
P1558,tempo marking,WikibaseItem,3
P4655,Flathub ID,ExternalId,3
P4644,ESCO skill ID,ExternalId,3
P5932,IGN series ID,ExternalId,3
P4699,Canal-U channel ID,ExternalId,3
P6409,CORE ID,ExternalId,3
P4685,Nintendo of America Game Store ID,ExternalId,3
P2044,elevation above sea level,Quantity,3
P533,target,WikibaseItem,3
P2966,National Library of Wales ID,ExternalId,3
P1455,list of works,WikibaseItem,3
P1445,fictional universe described in,WikibaseItem,3
P5867,Mathematical Reviews journal ID,ExternalId,3
P4535,EUTA theatre ID,ExternalId,3
P6307,Wikibase Registry ID,ExternalId,3
P3215,SIRET number,ExternalId,3
P6360,Genius album numeric ID,ExternalId,3
P6381,iTunes TV season ID,ExternalId,3
P650,RKDartists ID,ExternalId,3
P2813,mouthpiece,WikibaseItem,3
P672,MeSH Code,ExternalId,3
P2879,Library of the National Congress of Argentina ID,ExternalId,3
P1546,motto,WikibaseItem,3
P699,Disease Ontology ID,ExternalId,3
P2226,market capitalization,Quantity,3
P4862,Amazon author page,ExternalId,3
P4051,Ukrainian regulations base ID,ExternalId,3
P22,father,WikibaseItem,3
P4079,Theatres Trust Database ID,ExternalId,3
P5383,archINFORM ID (projects),ExternalId,3
P3608,EU VAT number,ExternalId,3
P1891,signatory,WikibaseItem,3
P3447,mirrors data from,WikibaseItem,3
P3442,Debian stable package,ExternalId,3
P3482,Europeana Fashion creator ID,ExternalId,3
P3462,FAMA work ID,ExternalId,3
P2124,member count,Quantity,3
P808,Bien de Interés Cultural (BIC) code,ExternalId,3
P822,mascot,WikibaseItem,3
P5262,Les Enfoirés song ID,ExternalId,3
P1733,Steam Application ID,ExternalId,3
P1789,chief operating officer,WikibaseItem,3
P3733,MOOMA artist ID,ExternalId,3
P2468,Theatricalia theatre ID,ExternalId,3
P3793,IPv6 routing prefix,String,3
P3784,CiteSeerX article ID,ExternalId,3
P4223,Enciclopedia Italiana ID,ExternalId,3
P6081,RIA Novosti reference,ExternalId,3
P6085,The Guardian article ID,ExternalId,3
P103,native language,WikibaseItem,3
P6067,ARD Mediathek ID,ExternalId,3
P2318,debut participant,WikibaseItem,3
P1017,BAV ID,ExternalId,3
P1005,PTBNP ID,ExternalId,3
P4101,dissertation submitted to,WikibaseItem,3
P1073,writable file format,WikibaseItem,3
P4173,Instagram location ID,ExternalId,3
P1938,Project Gutenberg author ID,ExternalId,3
P245,ULAN ID,ExternalId,3
P3704,KMDb film ID,ExternalId,3
P235,InChIKey,ExternalId,3
P2667,corresponding template,WikibaseItem,2
P1317,floruit,Time,2
P2647,source of material,WikibaseItem,2
P2683,Bekker Number,ExternalId,2
P5797,Twitch channel ID,ExternalId,2
P3108,Yelp ID,ExternalId,2
P6241,collection creator,WikibaseItem,2
P3183,WSJ topic ID,ExternalId,2
P6228,RegiowikiAT identifier,ExternalId,2
P1427,start point,WikibaseItem,2
P6283,MNopedia ID,ExternalId,2
P1220,Internet Broadway Database person ID,ExternalId,2
P1213,NLC authorities,ExternalId,2
P2534,defining formula,Math,2
P2521,female form of label,Monolingualtext,2
P2522,victory,WikibaseItem,2
P3851,cinenacional.com movie ID,ExternalId,2
P1268,represents,WikibaseItem,2
P2579,studied by,WikibaseItem,2
P1239,ISFDB publisher ID,ExternalId,2
P3085,qualifies for event,WikibaseItem,2
P6133,Siamzone film ID,ExternalId,2
P3057,Charity Commission no.,ExternalId,2
P6164,Depósito Legal ID,ExternalId,2
P2633,geography of topic,WikibaseItem,2
P6166,quotes work,WikibaseItem,2
P1300,bibcode,ExternalId,2
P453,character role,WikibaseItem,2
P3952,Stereo Ve Mono artist ID,ExternalId,2
P2612,TED topic ID,ExternalId,2
P2604,Kinopoisk person ID,ExternalId,2
P497,CBDB ID,ExternalId,2
P4606,National Film Board of Canada film ID,ExternalId,2
P4603,Microsoft Store album ID,ExternalId,2
P2899,minimum age,Quantity,2
P2893,Skype username,String,2
P1561,number of survivors,Quantity,2
P1556,zbMATH author ID,ExternalId,2
P5986,Getty Iconography Authority ID,ExternalId,2
P5987,Indiancine.ma film ID,ExternalId,2
P3348,National Library of Greece ID,ExternalId,2
P2011,Cooper-Hewitt Person ID,ExternalId,2
P5990,Movies Anywhere ID,ExternalId,2
P3383,film poster,CommonsMedia,2
P2046,area,Quantity,2
P3376,Enterprise number (Belgium),ExternalId,2
P3373,sibling,WikibaseItem,2
P520,armament,WikibaseItem,2
P5199,British Library system number,ExternalId,2
P2963,Goodreads author ID,ExternalId,2
P1630,formatter URL,String,2
P1462,standards body,WikibaseItem,2
P5833,Playbill production ID,ExternalId,2
P4511,vertical depth,Quantity,2
P5818,BGCI garden ID,ExternalId,2
P1478,has immediate cause,WikibaseItem,2
P1479,has contributing factor,WikibaseItem,2
P1477,birth name,Monolingualtext,2
P1472,Commons Creator page,String,2
P4579,Tidal video ID,ExternalId,2
P4566,awarded for period,Time,2
P3231,Mediaarts-DB ID,ExternalId,2
P5882,Muziekweb performer ID,ExternalId,2
P5896,trading fee,Quantity,2
P6368,Bunkacho Media Art Database (Development Version): Animation Database,ExternalId,2
P600,Wine AppDB-ID,ExternalId,2
P6385,Krugosvet article,ExternalId,2
P6337,PCGamingWiki ID,ExternalId,2
P5017,last update,Time,2
P2812,MathWorld identifier,ExternalId,2
P1537,contributing factor of,WikibaseItem,2
P4824,org-id.guide ID,ExternalId,2
P1792,category of associated people,WikibaseItem,2
P2210,relative to,WikibaseItem,2
P4860,BMI work ID,ExternalId,2
P2252,National Gallery of Art artist ID,ExternalId,2
P5398,TDKIV term ID,ExternalId,2
P26,spouse,WikibaseItem,2
P4090,Biodiversity Repository ID,ExternalId,2
P1810,named as,String,2
P5361,BNB person ID,ExternalId,2
P53,family,WikibaseItem,2
P4738,Yale Center for British Art artwork ID,ExternalId,2
P4702,Google Arts & Culture partner ID,ExternalId,2
P4754,Harvard botanical journal ID,ExternalId,2
P3473,Ubuntu package,ExternalId,2
P865,BMLO,ExternalId,2
P1706,together with,WikibaseItem,2
P5233,Filmow ID,ExternalId,2
P4805,make-up artist,WikibaseItem,2
P1755,Aviation Safety Network accident ID,ExternalId,2
P3768,Medieval Libraries of Great Britain ID,ExternalId,2
P3743,ITU/ISO/IEC object identifier,ExternalId,2
P3740,number of works,Quantity,2
P2400,JMDb film ID,ExternalId,2
P3797,autonomous system number,ExternalId,2
P1189,Chinese Library Classification,ExternalId,2
P4228,Encyclopedia of Australian Science ID,ExternalId,2
P6009,Techopedia ID,ExternalId,2
P4295,readership,Quantity,2
P6016,Tennessee Encyclopedia ID,ExternalId,2
P4286,Nominis saint ID,ExternalId,2
P958,"section, verse, or paragraph",String,2
P105,taxon rank,WikibaseItem,2
P2513,Jamendo album ID,ExternalId,2
P3834,RTC film rating,WikibaseItem,2
P3818,KMRB film rating,WikibaseItem,2
P3816,film script,WikibaseItem,2
P4970,alternate names,String,2
P171,parent taxon,WikibaseItem,2
P1012,including,WikibaseItem,2
P1013,criterion used,WikibaseItem,2
P5436,number of viewers/listeners,Quantity,2
P4129,Cinema Treasures ID,ExternalId,2
P4167,Dagens Næringsliv topic ID,ExternalId,2
P1923,participating team,WikibaseItem,2
P5494,GameSpot ID,ExternalId,2
P1986,Dizionario biografico degli italiani Identifier,ExternalId,2
P225,taxon name,String,2
P3712,objective of project or action,WikibaseItem,2
P1340,eye color,WikibaseItem,1
P5712,IMEC ID,ExternalId,1
P5719,National Medal of Arts winner ID,ExternalId,1
P1335,coordinates of westernmost point,GlobeCoordinate,1
P1333,coordinates of southernmost point,GlobeCoordinate,1
P1334,coordinates of easternmost point,GlobeCoordinate,1
P1332,coordinates of northernmost point,GlobeCoordinate,1
P3991,Austrian Textbook ID,ExternalId,1
P5737,Moegirlpedia Chinese Article Entry,ExternalId,1
P3979,Unifrance company ID,ExternalId,1
P3977,Songkick venue ID,ExternalId,1
P3975,secretary general,WikibaseItem,1
P3973,PIM authority ID,ExternalId,1
P1389,product certification,WikibaseItem,1
P1382,partially coincident with,WikibaseItem,1
P1376,capital of,WikibaseItem,1
P1353,original spelling,String,1
P5707,work sampled,WikibaseItem,1
P3125,EDRPOU code,ExternalId,1
P4440,Biblioteca Nacional de México ID,ExternalId,1
P4437,FPB rating,WikibaseItem,1
P4424,mandates,WikibaseItem,1
P3151,iNaturalist taxon ID,ExternalId,1
P4477,Humble Store ID,ExternalId,1
P4466,Unified Astronomy Thesaurus ID,ExternalId,1
P6250,iTunes music movie ID,ExternalId,1
P6270,Boobpedia article,ExternalId,1
P6202,Geolex ID,ExternalId,1
P6211,BIBSYS work ID,ExternalId,1
P6222,DIR3 ID,ExternalId,1
P301,category's main topic,WikibaseItem,1
P2715,elected in,WikibaseItem,1
P350,RKDimages ID,ExternalId,1
P2738,disjoint union of,WikibaseItem,1
P359,Rijksmonument ID,ExternalId,1
P2722,Deezer artist ID,ExternalId,1
P3889,Swiss Federal Archives ID,ExternalId,1
P3886,number of perpetrators,Quantity,1
P3885,History of Modern Biomedicine ID,ExternalId,1
P2551,used metre,WikibaseItem,1
P5604,archINFORM keyword ID,ExternalId,1
P2535,Sandbox-Mathematical expression,Math,1
P5613,Bibliothèque de la Pléiade ID,ExternalId,1
P1266,AlloCiné person ID,ExternalId,1
P2588,administrative code of Indonesia,ExternalId,1
P2580,Baltisches Biographisches Lexikon Digital ID (former scheme),ExternalId,1
P1249,time of earliest written record,Time,1
P1248,KulturNav-id,ExternalId,1
P2568,repealed by,WikibaseItem,1
P2563,superhuman feature or ability,WikibaseItem,1
P3894,OSTI article ID,ExternalId,1
P4330,contains,WikibaseItem,1
P5691,BND ID,ExternalId,1
P1286,Munzinger Pop ID,ExternalId,1
P3043,Scoresway soccer person ID,ExternalId,1
P3029,UK National Archives ID,ExternalId,1
P5652,Carthalia ID,ExternalId,1
P3025,open days,WikibaseItem,1
P3017,Rolling Stone artist ID,ExternalId,1
P3073,CosIng number,ExternalId,1
P4399,Enciclopédia Itaú Cultural ID,ExternalId,1
P6153,research site,WikibaseItem,1
P6155,Sotheby's Museum Network ID,ExternalId,1
P403,mouth of the watercourse,WikibaseItem,1
P6102,Schleswig-Holstein object ID,ExternalId,1
P3098,ClinicalTrials.gov Identifier,ExternalId,1
P3095,practiced by,WikibaseItem,1
P413,position played on team / speciality,WikibaseItem,1
P466,occupant,WikibaseItem,1
P2637,RARS rating,WikibaseItem,1
P3967,final event,WikibaseItem,1
P2636,Minkultury film ID,ExternalId,1
P2634,sitter,WikibaseItem,1
P451,partner,WikibaseItem,1
P2626,DNF person ID,ExternalId,1
P6178,Dimensions Author ID,ExternalId,1
P2619,Hungarian company ID,ExternalId,1
P487,Unicode character,String,1
P2613,TED talk ID,ExternalId,1
P2610,thickness,Quantity,1
P494,ICD-10,ExternalId,1
P2607,BookBrainz creator ID,ExternalId,1
P2605,ČSFD person ID,ExternalId,1
P3932,Digital Valencian Library author ID,ExternalId,1
P1588,village code of Indonesia,String,1
P4614,drainage basin,WikibaseItem,1
P1584,Pleiades ID,ExternalId,1
P1580,University of Barcelona authority ID,ExternalId,1
P4608,scenographer,WikibaseItem,1
P2886,Shakeosphere person ID,ExternalId,1
P4656,Wikimedia import URL,Url,1
P5922,ANZSRC FoR ID,ExternalId,1
P5924,Lyrically artist ID,ExternalId,1
P4637,FoodEx2 code,ExternalId,1
P5930,Open Food Facts ingredient ID,ExternalId,1
P4629,Online Books Page author ID,ExternalId,1
P1591,defendant,WikibaseItem,1
P1590,number of casualties,Quantity,1
P3352,musipedia tune ID,ExternalId,1
P6418,funk channel ID,ExternalId,1
P2019,AllMovie artist ID,ExternalId,1
P2017,isomeric SMILES,String,1
P4671,Hall of Light Amiga database ID,ExternalId,1
P2000,CPDL ID,String,1
P2058,depositor,WikibaseItem,1
P2042,Artsy artist ID,ExternalId,1
P2041,National Gallery of Victoria artist ID,ExternalId,1
P5150,IGAC rating,WikibaseItem,1
P5160,Thesaurus For Graphic Materials ID,ExternalId,1
P5184,Daum Encyclopedia ID,ExternalId,1
P2089,Library of Congress JukeBox ID,ExternalId,1
P509,cause of death,WikibaseItem,1
P5123,Swedish Literature Bank book ID,ExternalId,1
P5125,Wikimedia outline,WikibaseItem,1
P5128,ICAA film catalogue ID,ExternalId,1
P512,academic degree,WikibaseItem,1
P518,applies to part,WikibaseItem,1
P5146,Cinema Project (Israel) ID,ExternalId,1
P541,office contested,WikibaseItem,1
P1621,detail map,CommonsMedia,1
P1618,sport number,String,1
P1615,CLARA-ID,ExternalId,1
P554,website username,String,1
P551,residence,WikibaseItem,1
P559,terminus,WikibaseItem,1
P2998,age of candidacy,Quantity,1
P5198,ASC Leiden Thesaurus ID,ExternalId,1
P1656,unveiled by,WikibaseItem,1
P1648,Dictionary of Welsh Biography ID,ExternalId,1
P1461,Patientplus ID,String,1
P5835,World Travel Awards ID,ExternalId,1
P5838,Nintendo GameID,ExternalId,1
P1444,destination point,WikibaseItem,1
P1442,image of grave,CommonsMedia,1
P5858,Index Herbariorum code,String,1
P3207,Vine user ID,ExternalId,1
P3202,UAI code,ExternalId,1
P5800,narrative role,WikibaseItem,1
P1480,sourcing circumstances,WikibaseItem,1
P3243,OKVED 1.1 code of the economic activity,ExternalId,1
P3242,SIC code,ExternalId,1
P3224,NAICS code,ExternalId,1
P3220,KvK company ID,ExternalId,1
P6306,AllMusic performance ID,ExternalId,1
P3217,Dictionary of Swedish National Biography,ExternalId,1
P3285,Mathematics Subject Classification ID,ExternalId,1
P3283,Bandcamp ID,ExternalId,1
P3281,French National Assembly Lobbyist ID,ExternalId,1
P3274,content deliverer,WikibaseItem,1
P5897,account charge / subscription fee,Quantity,1
P3259,intangible cultural heritage status,WikibaseItem,1
P6367,Bahamut Gamer's Community ACG Database,ExternalId,1
P6375,located at street address,Monolingualtext,1
P6378,charter URL,Url,1
P609,terminus location,WikibaseItem,1
P5055,IRMNG ID,ExternalId,1
P5064,World of Physics identifier,ExternalId,1
P6395,iTunes book ID,ExternalId,1
P3293,BALaT image ID,ExternalId,1
P6327,Goodreads character ID,ExternalId,1
P6334,Agence photo RMN package ID,ExternalId,1
P653,PubMed Health,ExternalId,1
P685,NCBI Taxonomy ID,ExternalId,1
P1548,maximum Strahler number,Quantity,1
P1549,demonym,Monolingualtext,1
P2868,subject has role,WikibaseItem,1
P5083,Adult Film Database film ID,ExternalId,1
P1536,immediate cause of,WikibaseItem,1
P5098,IAFD film ID,ExternalId,1
P2851,payment types accepted,WikibaseItem,1
P2843,Benezit ID,ExternalId,1
P4848,Libraries.org ID,ExternalId,1
P4823,American National Biography ID,ExternalId,1
P2272,Hederich encyclopedia article ID,ExternalId,1
P5338,SilentEra.com film ID,ExternalId,1
P706,located on terrain feature,WikibaseItem,1
P703,found in taxon,WikibaseItem,1
P4041,Rock.com.ar album ID,ExternalId,1
P726,candidate,WikibaseItem,1
P4020,ISQ dimension,Math,1
P742,pseudonym,String,1
P1821,Open Food Facts food category ID,ExternalId,1
P25,mother,WikibaseItem,1
P5367,YouTube Gaming game ID,ExternalId,1
P38,currency,WikibaseItem,1
P765,surface played on,WikibaseItem,1
P1801,commemorative plaque image,CommonsMedia,1
P5370,Entomologists of the World ID,ExternalId,1
P5375,BIU Santé person ID,ExternalId,1
P4072,Zemereshet song ID,ExternalId,1
P5384,Behind The Voice Actors film ID,ExternalId,1
P54,member of sports team,WikibaseItem,1
P1846,distribution map,CommonsMedia,1
P1843,taxon common name,Monolingualtext,1
P1840,investigated by,WikibaseItem,1
P1838,PSS-archi ID,ExternalId,1
P97,noble title,WikibaseItem,1
P3404,The Vogue List ID,ExternalId,1
P4732,IUPAC GoldBook ID,ExternalId,1
P4710,Guardiana ID,ExternalId,1
P4776,MAC Address Block Large ID,String,1
P4773,MobyGames company ID,ExternalId,1
P4765,Commons compatible image available at URL,Url,1
P4760,LTI Korea Library ID,ExternalId,1
P3428,INCAA film rating,WikibaseItem,1
P2159,solves,WikibaseItem,1
P3471,WikiSkripta ID,ExternalId,1
P5214,GONIAT paper ID,ExternalId,1
P3463,Fedora package,ExternalId,1
P3454,Arch Linux package,ExternalId,1
P3451,nighttime view,CommonsMedia,1
P2196,students count,Quantity,1
P2197,production rate,Quantity,1
P807,separated from,WikibaseItem,1
P802,student,WikibaseItem,1
P3499,Gentoo package,ExternalId,1
P2168,SFDb person ID,ExternalId,1
P849,Japanese military aircraft designation,ExternalId,1
P846,Global Biodiversity Information Facility ID,ExternalId,1
P830,Encyclopedia of Life ID,ExternalId,1
P1709,equivalent class,Url,1
P850,WoRMS-ID,ExternalId,1
P5243,Canal-U person ID,ExternalId,1
P5255,FilmTv.it TV series ID,ExternalId,1
P5256,OpenCorporates corporate grouping,ExternalId,1
P5266,Finnish national bibliography corporate name ID,ExternalId,1
P4816,Lemon 64 identifier,ExternalId,1
P4802,BVPB authority ID,ExternalId,1
P1775,follower of,WikibaseItem,1
P4801,LoC and MARC vocabularies ID,ExternalId,1
P2435,PORT person ID,ExternalId,1
P2416,sports discipline competed in,WikibaseItem,1
P5509,MAPS poet ID,ExternalId,1
P3782,Artnet artist ID,ExternalId,1
P2446,Transfermarkt player ID,ExternalId,1
P2440,transliteration,String,1
P1110,attendance,Quantity,1
P5555,schematic,CommonsMedia,1
P4208,Billboard artist ID,ExternalId,1
P4200,Christie's creator ID,ExternalId,1
P1167,USB vendor ID,ExternalId,1
P5576,EDb company ID,ExternalId,1
P2486,Fashion Model Directory brand ID,ExternalId,1
P4256,"Spanish ""Boletín Oficial del Estado"" ID",ExternalId,1
P5513,identifier for an item of Enciclopèdia de l'Esport Català,ExternalId,1
P4247,Tagesschau election ID,ExternalId,1
P4239,vocalized name,Monolingualtext,1
P5534,Open Media Database person ID,ExternalId,1
P4226,Cyworld ID,ExternalId,1
P4224,category contains,WikibaseItem,1
P1195,file extension,String,1
P4221,National Criminal Justice ID,ExternalId,1
P1196,manner of death,WikibaseItem,1
P943,programmer,WikibaseItem,1
P937,work location,WikibaseItem,1
P6011,Internet Pinball Database ID,ExternalId,1
P6015,Handbook of Texas ID,ExternalId,1
P4271,rating,WikibaseItem,1
P971,category combines topics,WikibaseItem,1
P3803,original film format,WikibaseItem,1
P2519,Scope.dk person ID,ExternalId,1
P3847,Open Library subject ID,ExternalId,1
P2511,MSK Gent work PID,ExternalId,1
P3839,Tab4u artist ID,ExternalId,1
P121,item operated,WikibaseItem,1
P3821,Bangla Movie Database ID,ExternalId,1
P2317,call sign,String,1
P2315,comment (DEPRECATED),Monolingualtext,1
P4973,Wikitribune category,ExternalId,1
P3638,Oorlogsmonument ID,ExternalId,1
P4948,DDB ID,ExternalId,1
P4945,download link,Url,1
P3612,Le Monde diplomatique subject ID,ExternalId,1
P163,flag,WikibaseItem,1
P1028,donated by,WikibaseItem,1
P2349,Stuttgart Database of Scientific Illustrators ID,ExternalId,1
P2344,AGORHA work ID,ExternalId,1
P181,taxon range map image,CommonsMedia,1
P2339,BoardGameGeek ID,ExternalId,1
P199,business division,WikibaseItem,1
P2326,GNS Unique Feature ID,ExternalId,1
P5434,Gfycat user ID,ExternalId,1
P2390,Ballotpedia ID,ExternalId,1
P2388,office held by head of the organisation,WikibaseItem,1
P1050,medical condition,WikibaseItem,1
P2381,Academic Tree ID,ExternalId,1
P1038,relative,WikibaseItem,1
P2369,Soccerway player ID,ExternalId,1
P2361,online service,WikibaseItem,1
P5419,NYRB contributor ID,ExternalId,1
P1077,KOATUU identifier,String,1
P1074,fictional analog of,WikibaseItem,1
P4162,AUR package,ExternalId,1
P1947,Mapillary ID,ExternalId,1
P1921,formatter URI for RDF resource,String,1
P4198,Google Play Music artist ID,ExternalId,1
P4186,Australian Women's Register ID,ExternalId,1
P4182,National Natural Landmarks site ID,ExternalId,1
P1978,USDA NDB number,ExternalId,1
P1971,number of children,Quantity,1
P1968,Foursquare venue ID,ExternalId,1
P1963,properties for this type,WikibaseProperty,1
P208,executive body,WikibaseItem,1
